<?xml version="1.0" encoding="UTF-8"?>
<schemalist>
    <schema id="org.gnome.shell.extensions.gnome-speech2text" path="/org/gnome/shell/extensions/gnome-speech2text/">
        <key name="toggle-recording" type="as">
            <default>['&lt;Control&gt;&lt;Shift&gt;&lt;Alt&gt;c']</default>
            <summary>Toggle recording</summary>
            <description>Keyboard shortcut to toggle recording</description>
        </key>
        <key name="recording-duration" type="i">
            <default>60</default>
            <range min="10" max="300"/>
            <summary>Recording duration</summary>
            <description>Maximum recording duration in seconds (10 seconds to 5 minutes)</description>
        </key>
        <key name="copy-to-clipboard" type="b">
            <default>false</default>
            <summary>Copy to clipboard</summary>
            <description>Copy transcribed text to clipboard in addition to typing it</description>
        </key>
        <key name="skip-preview-x11" type="b">
            <default>false</default>
            <summary>Skip preview dialog on X11</summary>
            <description>If enabled (X11 only), the extension will insert the transcribed text immediately after recording, without showing the preview dialog. Has no effect on Wayland.</description>
        </key>
    </schema>
</schemalist>