<?xml version="1.0" encoding="UTF-8"?>
<schemalist>
    <schema id="org.gnome.shell.extensions.gnome-speech2text" path="/org/gnome/shell/extensions/gnome-speech2text/">
        <key name="shortcut" type="s">
            <default>'<Control><Shift><Alt>c'</default>
            <summary>Keyboard shortcut to start/stop recording</summary>
            <description>Keyboard shortcut to start/stop recording</description>
        </key>
        <key name="language" type="s">
            <default>'en'</default>
            <summary>Language for speech recognition</summary>
            <description>Language for speech recognition (e.g., en, es, fr)</description>
        </key>
        <key name="model-size" type="s">
            <default>'base'</default>
            <summary>Whisper model size</summary>
            <description>Size of the Whisper model to use (tiny, base, small, medium, large)</description>
        </key>
    </schema>
</schemalist> 